Designator,Footprint,Quantity,Value,LCSC Part #
"C10, C15, C18, C19, C21, C23, C24, C25, C26, C27, C28, C9",0603,12,100n,
"C11, C12, C13, C14, C7, C8",0603,6,10u,
"C16, C17, C5, C6",0603,4,27p,
"C20, C22",0603,2,1u,
"D1, D2, D3",D_SOD-123,3,1N4148W,
"D4, D5, D6",0603,3,LED,
"H1, H2, H3, H4",MountingHole_3.2mm_M3,4,MountingHole,
"J1, J21, J22",IDC-Header_2x03_P2.54mm_Vertical,3,Conn_02x03_Odd_Even,
"J10, J11, J12, J13, J14, J15, J16, J17",JST_XH_B4B-XH-A_1x04_P2.50mm_Vertical,8,Conn_01x04,
"J18, J19",JST_XH_B3B-XH-A_1x03_P2.50mm_Vertical,2,Conn_01x03,
"J2, J3",RJ45_Amphenol_54602-x08_Horizontal,2,RJ45,
J20,PinHeader_1x03_P2.54mm_Vertical,1,Conn_01x03,
"J23, J4",IDC-Header_2x08_P2.54mm_Vertical,2,Conn_02x08_Odd_Even,
J5,USB_C_Receptacle_Palconn_UTC16-G,1,USB_C_Receptacle_USB2.0,
"J6, J7, J8, J9",JST_XH_B2B-XH-A_1x02_P2.50mm_Vertical,4,Conn_01x02,
JP1,SolderJumper-2_P1.3mm_Open_RoundedPad1.0x1.5mm,1,SolderJumper_2_Open,
PS1,Converter_DCDC_XP_POWER-ITxxxxxS_THT,1,PRM3W-E12-D12-S,
"Q1, Q2, Q3, Q4",SOT-23,4,2N7002,
"R1, R2, R3, R4",0603,4,100,
"R10, R11, R12, R16, R18, R5, R6, R7, R8, R9",0603,10,1k,
"R13, R15, R24",0603,3,220,
R14,0603,1,570,
R17,0603,1,DNF,
"R19, R25",0603,2,120,
"R20, R21",0603,2,27,
"R22, R23",0603,2,5.1k,
R26,0603,1,10k,
"RV1, RV2, RV3, RV4, RV5, RV6",Potentiometer_Bourns_3386P_Vertical,6,10k,
SW1,SW_DIP_SPSTx04_Slide_Omron_A6S-410x_W8.9mm_P2.54mm,1,SW_DIP_x04,
"U1, U2",SOIC-16_3.9x9.9mm_P1.27mm,2,74HC595,
U4,Converter_DCDC_RECOM_R-78E-0.5_THT,1,R-78E5.0-0.5,
U5,SOT-223-3_TabPin2,1,AMS1117-3.3,
U6,SOIC-8_5.23x5.23mm_P1.27mm,1,W25Q128JVS,
U7,TSSOP-20_4.4x6.5mm_P0.65mm,1,MCP2515-xST,
U8,SOIC-8_3.9x4.9mm_P1.27mm,1,MCP2551-I-SN,
U9,QFN-56-1EP_7x7mm_P0.4mm_EP3.2x3.2mm,1,RP2040,
Y1,Crystal_SMD_3225-4Pin_3.2x2.5mm,1,8Mhz,
Y2,Crystal_SMD_3225-4Pin_3.2x2.5mm,1,12MHz,
