Designator,Footprint,Quantity,Value,LCSC Part #
"C10, C12, C13, C14, C15, C16, C18, C19, C22, C26, C29, C30, C31, C32, C33, C34, C35, C37, C38, C48, C5, C7",0603,22,100n,
"C11, C8",0603,2,1u,
C17,1206,1,1nF/2kV,
"C20, C21",0603,2,6.8n,
C23,0603,1,22n,
"C27, C28",0603,2,18p,
"C3, C4",0603,2,27p,
C36,0603,1,4.7u,
"C6, C9",0603,2,10u,
"D3, D4, D7, D8",0603,4,LED,
FB1,0603,1,FerriteBead,
"H1, H2, H3, H4",MountingHole_3.2mm_M3,4,MountingHole,
J1,IDC-Header_2x08_P2.54mm_Vertical,1,HEAD_LEDS,
J10,JST_XH_B4B-XH-A_1x04_P2.50mm_Vertical,1,BUTTON_3,
J11,JST_XH_B4B-XH-A_1x04_P2.50mm_Vertical,1,BUTTON_4,
J12,JST_XH_B4B-XH-A_1x04_P2.50mm_Vertical,1,BUTTON_5,
J13,JST_XH_B4B-XH-A_1x04_P2.50mm_Vertical,1,BUTTON_6,
J14,JST_XH_B4B-XH-A_1x04_P2.50mm_Vertical,1,BUTTON_7,
J15,JST_XH_B3B-XH-A_1x03_P2.50mm_Vertical,1,VOLUME,
J16,IDC-Header_2x08_P2.54mm_Vertical,1,DISPLAY_1,
J17,IDC-Header_2x08_P2.54mm_Vertical,1,DISPLAY_2,
J2,IDC-Header_2x10_P2.54mm_Vertical,1,MOUTH_LEDS,
J3,Molex_Mega-Fit_76829-0004_2x02_P5.70mm_Vertical,1,76829-0004,
J4,PinHeader_1x03_P2.54mm_Vertical,1,Conn_01x03,
J5,IDC-Header_2x05_P2.54mm_Vertical,1,ROTARY_SWITCH,
J6,JST_XH_B4B-XH-A_1x04_P2.50mm_Vertical,1,BUTTON_1,
J7,USB_C_Receptacle_Palconn_UTC16-G,1,USB_C_Receptacle_USB2.0,
J8,JST_XH_B4B-XH-A_1x04_P2.50mm_Vertical,1,BUTTON_2,
J9,RJ45_Wuerth_7499010121A_Horizontal,1,RJ45_Wuerth_7499010121A,
"R1, R10, R13, R17, R18, R2, R20, R21, R22, R24, R25, R28, R3, R32, R33, R35, R36, R37, R47, R48, R49, R50, R51, R53, R54, R55, R56, R57, R58, R59, R6, R60, R61, R62, R63, R64, R65, R66, R67, R68, R69, R7, R70, R71, R72, R73, R74, R75, R76, R8, R9",0603,51,5.1k,
R11,0603,1,2.2k,
"R12, R4, R5, R52",0603,4,1k,
"R14, R19, R23, R26",0603,4,470,
"R15, R16",0603,2,27,
R27,0603,1,10,
"R29, R30, R31",0603,3,4.7k,
R34,0603,1,1M,
"R38, R44, R45, R46",0603,4,49.9,
"R39, R40, R41, R42",0603,4,4.7,
R43,0603,1,12.4k,
"R77, R78",0603,2,220,
"RV1, RV2",Potentiometer_Bourns_3386P_Vertical,2,10k,
SW1,SW_DIP_SPSTx03_Slide_9.78x9.8mm_W7.62mm_P2.54mm,1,SW_DIP_x03,
"SW2, SW3",SW_SPST_TL3342,2,SW_Push,
TP1,TestPoint_Loop_D2.60mm_Drill1.4mm_Beaded,1,TestPoint,
"U1, U2, U3",TQFN-24-1EP_4x4mm_P0.5mm_EP2.6x2.6mm_ThermalVias,3,~,
U12,SOIC-8_5.23x5.23mm_P1.27mm,1,W25Q128JVS,
U4,SOT-223-3_TabPin2,1,AMS1117-3.3,
U5,QFN-56-1EP_7x7mm_P0.4mm_EP3.2x3.2mm,1,RP2040,
U6,LQFP-48_7x7mm_P0.5mm,1,W5500,
Y1,Crystal_SMD_3225-4Pin_3.2x2.5mm,1,12MHz,
Y2,Crystal_SMD_3225-4Pin_3.2x2.5mm,1,25MHz,
